Workbook

Sheet DataEntry
A1: Submission Date | B1: 43354
A2: Project Name | B2: Vehicle Digital Dashboard
A3: Student Name | B3: Karan Raj Kanwar
A4: Project repository | B4: https://github.com/KaranRajKanwar/DigitalDashboard
A5: SensorEffector choice | B5: FT6x06 Capacitive Touch Driver
A6: The database will store | B6: AVG speed, source of transportation, Avg velocity,date,tracks touch
A7: The mobile device functionality will include | B7: showcase the database in a clean UI which explains current or previous track record. The app will allow the dashboard UI to be customized, or the mobile device itself can be used as the digital dashboard.
A8: I will be collaborating with the following company/department | B8: N/A
A9: My group in the winter semester will include | B9: Zhill Patel,TBA
A10: 50 word problem statement | B10: Not being able to keep the statistics for your physical activity. Great for tracking movement and how fast or slow you are moving. A lot of older/modified vehicles don’t have a speedometer which is a hazard when utilizing the vehicle and it is illegal in some countries to not have speedometer on a moto vehicle.
A11: 100 words of background | B11: This scholarly article talks about how we use measurement in our daily life, and where & why we use these measurements. how we use a dashboard cluster to utilize and grab informtion and how its logged. It defines instrumentation and measurement and reviews basic principles. Case studies detail car, LOX tank, submarine data acquisition system, and medical device examples. It reviews sensor types, sizes and systems and covers basic instrumentation with a look at general configurations focused on areas such as inputs, conditioning and transformation, analog pre-processing, analog-to-digital converters (ADCs), outputs and basic processing.
A12: Current product APA citation | B12: Auto Meter® - User Configurable LCD Dash Display. (n.d.). Retrieved from https://www.carid.com/auto-meter/user-configurable-lcd-dash-display-mpn-6021.html?singleid=172937519
A13: Existing research IEEE paper APA citation | B13: Fowler, K. R., & Schmalzel, J. (2005, April 10). Introduction to Instrumentation. Retrieved September 9, 2018, from https://ieeexplore.ieee.org/servlet/opac?mdnumber=EW1016
... A15: Solution description | B15: The solution for this problem is a portable dashboard that can be mounted onto whatever type of vehicle. When the dashboard is mounted you are required to choose what type of vehicle .IE go-kart,bike, scooter etc.This dashboard data logs your certain statistics on your mobile device or the actual dashboard.It can be view on both mobile or dashboard

Sheet DataBase
A1: =DataEntry!A1 -> Submission Date | B1: =DataEntry!A2 -> Project Name | C1: =DataEntry!A3 -> Student Name | D1: =DataEntry!A4 -> Project repository | E1: =DataEntry!A5 -> SensorEffector choice | F1: =DataEntry!A6 -> The database will store | G1: =DataEntry!A7 -> The mobile device functionality will include | H1: =DataEntry!A8 -> I will be collaborating with the following company/department | I1: =DataEntry!A9 -> My group in the winter semester will include | J1: =DataEntry!A10 -> 50 word problem statement | K1: =DataEntry!A11 -> 100 words of background | L1: =DataEntry!A12 -> Current product APA citation | M1: =DataEntry!A13 -> Existing research IEEE paper APA citation | N1: =DataEntry!A14 -> Brief description of planned purchases | O1: =DataEntry!A15 -> Solution description
A2: =DataEntry!B1 -> 43354 | B2: =DataEntry!B2 -> Vehicle Digital Dashboard | C2: =DataEntry!B3 -> Karan Raj Kanwar | D2: =DataEntry!B4 -> https://github.com/KaranRajKanwar/DigitalDashboard | E2: =DataEntry!B5 -> FT6x06 Capacitive Touch Driver | F2: =DataEntry!B6 -> AVG speed, source of transportation, Avg velocity,date,tracks touch | G2: =DataEntry!B7 -> showcase the database in a clean UI which explains current or previous track record. The app will allow the dashboard UI to be customized, or the mobile device itself can be used as the digital dashboard. | H2: =DataEntry!B8 -> N/A | I2: =DataEntry!B9 -> Zhill Patel,TBA | J2: =DataEntry!B10 -> Not being able to keep the statistics for your physical activity. Great for tracking movement and how fast or slow you are moving. A lot of older/modified vehicles don’t have a speedometer which is a hazard when utilizing the vehicle and it is illegal in some countries to not have speedometer on a moto vehicle. | K2: =DataEntry!B11 -> This scholarly article talks about how we use measurement in our daily life, and where & why we use these measurements. how we use a dashboard cluster to utilize and grab informtion and how its logged. It defines instrumentation and measurement and reviews basic principles. Case studies detail car, LOX tank, submarine data acquisition system, and medical device examples. It reviews sensor types, sizes and systems and covers basic instrumentation with a look at general configurations focused on areas such as inputs, conditioning and transformation, analog pre-processing, analog-to-digital converters (ADCs), outputs and basic processing. | L2: =DataEntry!B12 -> Auto Meter® - User Configurable LCD Dash Display. (n.d.). Retrieved from https://www.carid.com/auto-meter/user-configurable-lcd-dash-display-mpn-6021.html?singleid=172937519 | M2: =DataEntry!B13 -> Fowler, K. R., & Schmalzel, J. (2005, April 10). Introduction to Instrumentation. Retrieved September 9, 2018, from https://ieeexplore.ieee.org/servlet/opac?mdnumber=EW1016 | N2: =DataEntry!B14 -> RaspberryPi 3 B, Case, Power Supply, Heatsink, MicroSD card,HDMI, Keyboard,Mouse,2.8 in Capacitive Touch screen,Screen Faceplate | O2: =DataEntry!B15 -> The solution for this problem is a portable dashboard that can be mounted onto whatever type of vehicle. When the dashboard is mounted you are required to choose what type of vehicle .IE go-kart,bike, scooter etc.This dashboard data logs your certain statistics on your mobile device or the actual dashboard.It can be view on both mobile or dashboard
